Date: 09/12/2026    AnnAGNPS: "v6.00.r.058_2023.06.06; 64-bit"    Time: 10:52:36
Input File Version Nos.:  Watershed--"5.51"        Climate--"5.51"        Storm Type--"not read"
PRIMARY CLIMATE FILE HEADER: pitillas
WATERSHED ID: Pitillas_cuenca
WATERSHED DESCRIPTION: Watershed Description not provided in "Watershed Data" section.
WATERSHED LOCATION: Watershed Location not provided in "Watershed Data" sect     Lat: 42.0000    Long: 1.0000

EPHEMERAL GULLY REPAIR DATE
Note: (1) The single character in Column 3 which is before the Cell
          or Reach ID number is either: "C" for cell located or "R"
          for reach located.

Gregorian,,,,Julian,Cell or Reach,Cell or Reach,Cell or Reach,Gully,Gully,Gully's Field,Gully's Field
Day,Month,Day,Year,Day,Location,Number,ID,Number,ID,Number,ID
738448    ,10,20,2022,     293,C,    1,21,    1,c21a00,    1,manejo,
738448    ,10,20,2022,     293,C,    1,21,    2,c21a01,    1,manejo,
738448    ,10,20,2022,     293,C,    1,21,    3,c21a02,    1,manejo,
738448    ,10,20,2022,     293,C,    1,21,    4,c21a03,    1,manejo,
738448    ,10,20,2022,     293,C,    1,21,    5,c21a04,    1,manejo,
738448    ,10,20,2022,     293,C,    1,21,    6,c21a05,    1,manejo,
738448    ,10,20,2022,     293,C,    1,21,    7,c21a06,    1,manejo,
738448    ,10,20,2022,     293,C,    1,21,    8,c21a07,    1,manejo,
738448    ,10,20,2022,     293,C,    1,21,    9,c21a08,    1,manejo,
738448    ,10,20,2022,     293,C,    1,21,   10,c21a09,    1,manejo,
738448    ,10,20,2022,     293,C,    1,21,   11,c21a10,    1,manejo,
738448    ,10,20,2022,     293,C,    1,21,   12,c21a11,    1,manejo,
738448    ,10,20,2022,     293,C,    1,21,   13,c21a12,    1,manejo,
738448    ,10,20,2022,     293,C,    1,21,   14,c21a13,    1,manejo,
738448    ,10,20,2022,     293,C,    1,21,   15,c21a14,    1,manejo,
738448    ,10,20,2022,     293,C,    2,22,   16,c22a00,    1,manejo,
738448    ,10,20,2022,     293,C,    2,22,   17,c22a01,    1,manejo,
738448    ,10,20,2022,     293,C,    2,22,   18,c22a02,    1,manejo,
738448    ,10,20,2022,     293,C,    2,22,   19,c22a03,    1,manejo,
738448    ,10,20,2022,     293,C,    2,22,   20,c22a04,    1,manejo,
738448    ,10,20,2022,     293,C,    2,22,   21,c22a05,    1,manejo,
738448    ,10,20,2022,     293,C,    2,22,   22,c22a06,    1,manejo,
738448    ,10,20,2022,     293,C,    2,22,   23,c22a07,    1,manejo,
738449    ,10,21,2022,     294,C,    1,21,    1,c21a00,    1,manejo,
738449    ,10,21,2022,     294,C,    1,21,    2,c21a01,    1,manejo,
738449    ,10,21,2022,     294,C,    1,21,    3,c21a02,    1,manejo,
738449    ,10,21,2022,     294,C,    1,21,    4,c21a03,    1,manejo,
738449    ,10,21,2022,     294,C,    1,21,    5,c21a04,    1,manejo,
738449    ,10,21,2022,     294,C,    1,21,    6,c21a05,    1,manejo,
738449    ,10,21,2022,     294,C,    1,21,    7,c21a06,    1,manejo,
738449    ,10,21,2022,     294,C,    1,21,    8,c21a07,    1,manejo,
738449    ,10,21,2022,     294,C,    1,21,    9,c21a08,    1,manejo,
738449    ,10,21,2022,     294,C,    1,21,   10,c21a09,    1,manejo,
738449    ,10,21,2022,     294,C,    1,21,   11,c21a10,    1,manejo,
738449    ,10,21,2022,     294,C,    1,21,   12,c21a11,    1,manejo,
738449    ,10,21,2022,     294,C,    1,21,   13,c21a12,    1,manejo,
738449    ,10,21,2022,     294,C,    1,21,   14,c21a13,    1,manejo,
738449    ,10,21,2022,     294,C,    1,21,   15,c21a14,    1,manejo,
738449    ,10,21,2022,     294,C,    2,22,   16,c22a00,    1,manejo,
738449    ,10,21,2022,     294,C,    2,22,   17,c22a01,    1,manejo,
738449    ,10,21,2022,     294,C,    2,22,   18,c22a02,    1,manejo,
738449    ,10,21,2022,     294,C,    2,22,   19,c22a03,    1,manejo,
738449    ,10,21,2022,     294,C,    2,22,   20,c22a04,    1,manejo,
738449    ,10,21,2022,     294,C,    2,22,   21,c22a05,    1,manejo,
738449    ,10,21,2022,     294,C,    2,22,   22,c22a06,    1,manejo,
738449    ,10,21,2022,     294,C,    2,22,   23,c22a07,    1,manejo,
738851    ,11,27,2023,     331,C,    1,21,    1,c21a00,    1,manejo,
738851    ,11,27,2023,     331,C,    1,21,    2,c21a01,    1,manejo,
738851    ,11,27,2023,     331,C,    1,21,    3,c21a02,    1,manejo,
738851    ,11,27,2023,     331,C,    1,21,    4,c21a03,    1,manejo,
738851    ,11,27,2023,     331,C,    1,21,    5,c21a04,    1,manejo,
738851    ,11,27,2023,     331,C,    1,21,    6,c21a05,    1,manejo,
738851    ,11,27,2023,     331,C,    1,21,    7,c21a06,    1,manejo,
738851    ,11,27,2023,     331,C,    1,21,    8,c21a07,    1,manejo,
738851    ,11,27,2023,     331,C,    1,21,    9,c21a08,    1,manejo,
738851    ,11,27,2023,     331,C,    1,21,   10,c21a09,    1,manejo,
738851    ,11,27,2023,     331,C,    1,21,   11,c21a10,    1,manejo,
738851    ,11,27,2023,     331,C,    1,21,   12,c21a11,    1,manejo,
738851    ,11,27,2023,     331,C,    1,21,   13,c21a12,    1,manejo,
738851    ,11,27,2023,     331,C,    1,21,   14,c21a13,    1,manejo,
738851    ,11,27,2023,     331,C,    1,21,   15,c21a14,    1,manejo,
738851    ,11,27,2023,     331,C,    2,22,   16,c22a00,    1,manejo,
738851    ,11,27,2023,     331,C,    2,22,   17,c22a01,    1,manejo,
738851    ,11,27,2023,     331,C,    2,22,   18,c22a02,    1,manejo,
738851    ,11,27,2023,     331,C,    2,22,   19,c22a03,    1,manejo,
738851    ,11,27,2023,     331,C,    2,22,   20,c22a04,    1,manejo,
738851    ,11,27,2023,     331,C,    2,22,   21,c22a05,    1,manejo,
738851    ,11,27,2023,     331,C,    2,22,   22,c22a06,    1,manejo,
738851    ,11,27,2023,     331,C,    2,22,   23,c22a07,    1,manejo,
738852    ,11,28,2023,     332,C,    1,21,    1,c21a00,    1,manejo,
738852    ,11,28,2023,     332,C,    1,21,    2,c21a01,    1,manejo,
738852    ,11,28,2023,     332,C,    1,21,    3,c21a02,    1,manejo,
738852    ,11,28,2023,     332,C,    1,21,    4,c21a03,    1,manejo,
738852    ,11,28,2023,     332,C,    1,21,    5,c21a04,    1,manejo,
738852    ,11,28,2023,     332,C,    1,21,    6,c21a05,    1,manejo,
738852    ,11,28,2023,     332,C,    1,21,    7,c21a06,    1,manejo,
738852    ,11,28,2023,     332,C,    1,21,    8,c21a07,    1,manejo,
738852    ,11,28,2023,     332,C,    1,21,    9,c21a08,    1,manejo,
738852    ,11,28,2023,     332,C,    1,21,   10,c21a09,    1,manejo,
738852    ,11,28,2023,     332,C,    1,21,   11,c21a10,    1,manejo,
738852    ,11,28,2023,     332,C,    1,21,   12,c21a11,    1,manejo,
738852    ,11,28,2023,     332,C,    1,21,   13,c21a12,    1,manejo,
738852    ,11,28,2023,     332,C,    1,21,   14,c21a13,    1,manejo,
738852    ,11,28,2023,     332,C,    1,21,   15,c21a14,    1,manejo,
738852    ,11,28,2023,     332,C,    2,22,   16,c22a00,    1,manejo,
738852    ,11,28,2023,     332,C,    2,22,   17,c22a01,    1,manejo,
738852    ,11,28,2023,     332,C,    2,22,   18,c22a02,    1,manejo,
738852    ,11,28,2023,     332,C,    2,22,   19,c22a03,    1,manejo,
738852    ,11,28,2023,     332,C,    2,22,   20,c22a04,    1,manejo,
738852    ,11,28,2023,     332,C,    2,22,   21,c22a05,    1,manejo,
738852    ,11,28,2023,     332,C,    2,22,   22,c22a06,    1,manejo,
738852    ,11,28,2023,     332,C,    2,22,   23,c22a07,    1,manejo,
