Date: 09/03/2026    AnnAGNPS: "v6.00.r.058_2023.06.06; 64-bit"    Time: 18:08:38
Input File Version Nos.:  Watershed--"5.50"        Climate--"5.51"        Storm Type--"not read"
PRIMARY CLIMATE FILE HEADER: Landazuria
WATERSHED ID: Landazuria
WATERSHED DESCRIPTION: Watershed Description not provided in "Watershed Data" section.
WATERSHED LOCATION: Watershed Location not provided in "Watershed Data" sect     Lat: -999.0000    Long: -999.0000

Gregorian Day,Month,Day,Year,Gully ID,Location [C/R],Cell or Reach ID,Gully Section Average Width [m],Gully Section Maximum Width [m],Gully Section Minimum Width [m],Total Gully Accumulation (Nickpoint+All Sections) [m^3],Total Gully Accumulation (Nickpoint+All Sections) [Mg],Accumulated Volume Since Last Repair [m^3],Accumulated Volume Since Last Repair [Mg],Total accumulated volume [m^3],Total accumulated volume [Mg],Repair Flag [T/F]
  732698,   1,  22,2007,c022a0000,C,22,           0,           0,           0,           0,           0,           0,           0,           0,           0,F
  732698,   1,  22,2007,c022a0001,C,22,           0,           0,           0,           0,           0,           0,           0,           0,           0,F
  732742,   3,   7,2007,c022a0000,C,22,           0,           0,           0,           0,           0,           0,           0,           0,           0,F
  732742,   3,   7,2007,c022a0001,C,22,           0,           0,           0,           0,           0,           0,           0,           0,           0,F
  732768,   4,   2,2007,c022a0000,C,22,           0,           0,           0,           0,           0,           0,           0,           0,           0,F
  732768,   4,   2,2007,c022a0001,C,22,           0,           0,           0,           0,           0,           0,           0,           0,           0,F
  732952,  10,   3,2007,c022a0000,C,22,           0,           0,           0,           0,           0,           0,           0,           0,           0,F
  732952,  10,   3,2007,c022a0001,C,22,           0,           0,           0,           0,           0,           0,           0,           0,           0,F
  733172,   5,  10,2008,c022a0000,C,22,           0,           0,           0,           0,           0,           0,           0,           0,           0,F
  733172,   5,  10,2008,c022a0001,C,22,           0,           0,           0,           0,           0,           0,           0,           0,           0,F
  733193,   5,  31,2008,c022a0000,C,22,           0,           0,           0,           0,           0,           0,           0,           0,           0,F
  733193,   5,  31,2008,c022a0001,C,22,           0,           0,           0,           0,           0,           0,           0,           0,           0,F
  733292,   9,   7,2008,c022a0000,C,22,           0,           0,           0,           0,           0,           0,           0,           0,           0,F
  733292,   9,   7,2008,c022a0001,C,22,           0,           0,           0,           0,           0,           0,           0,           0,           0,F
  733336,  10,  21,2008,c022a0000,C,22,           0,           0,           0,           0,           0,           0,           0,           0,           0,F
  733336,  10,  21,2008,c022a0001,C,22,           0,           0,           0,           0,           0,           0,           0,           0,           0,F
  733348,  11,   2,2008,c022a0000,C,22,           0,           0,           0,           0,           0,           0,           0,           0,           0,F
  733348,  11,   2,2008,c022a0001,C,22,           0,           0,           0,           0,           0,           0,           0,           0,           0,F
  733403,  12,  27,2008,c022a0000,C,22,           0,           0,           0,           0,           0,           0,           0,           0,           0,F
  733403,  12,  27,2008,c022a0001,C,22,           0,           0,           0,           0,           0,           0,           0,           0,           0,F
  733434,   1,  27,2009,c022a0000,C,22,           0,           0,           0,           0,           0,           0,           0,           0,           0,F
  733434,   1,  27,2009,c022a0001,C,22,           0,           0,           0,           0,           0,           0,           0,           0,           0,F
  733507,   4,  10,2009,c022a0000,C,22,           0,           0,           0,           0,           0,           0,           0,           0,           0,F
  733507,   4,  10,2009,c022a0001,C,22,           0,           0,           0,           0,           0,           0,           0,           0,           0,F
  733522,   4,  25,2009,c022a0000,C,22,           0,           0,           0,           0,           0,           0,           0,           0,           0,F
  733522,   4,  25,2009,c022a0001,C,22,           0,           0,           0,           0,           0,           0,           0,           0,           0,F
  733529,   5,   2,2009,c022a0000,C,22,           0,           0,           0,           0,           0,           0,           0,           0,           0,F
  733529,   5,   2,2009,c022a0001,C,22,           0,           0,           0,           0,           0,           0,           0,           0,           0,F
  733536,   5,   9,2009,c022a0000,C,22,           0,           0,           0,           0,           0,           0,           0,           0,           0,F
  733536,   5,   9,2009,c022a0001,C,22,           0,           0,           0,           0,           0,           0,           0,           0,           0,F
  733543,   5,  16,2009,c022a0000,C,22,           0,           0,           0,           0,           0,           0,           0,           0,           0,F
  733543,   5,  16,2009,c022a0001,C,22,           0,           0,           0,           0,           0,           0,           0,           0,           0,F
  733550,   5,  23,2009,c022a0000,C,22,           0,           0,           0,           0,           0,           0,           0,           0,           0,F
  733550,   5,  23,2009,c022a0001,C,22,           0,           0,           0,           0,           0,           0,           0,           0,           0,F
  733551,   5,  24,2009,c022a0000,C,22,           0,           0,           0,           0,           0,           0,           0,           0,           0,F
  733551,   5,  24,2009,c022a0001,C,22,           0,           0,           0,           0,           0,           0,           0,           0,           0,F
  733557,   5,  30,2009,c022a0000,C,22,           0,           0,           0,           0,           0,           0,           0,           0,           0,F
  733557,   5,  30,2009,c022a0001,C,22,           0,           0,           0,           0,           0,           0,           0,           0,           0,F
  733560,   6,   2,2009,c022a0000,C,22,           0,           0,           0,           0,           0,           0,           0,           0,           0,F
  733560,   6,   2,2009,c022a0001,C,22,           0,           0,           0,           0,           0,           0,           0,           0,           0,F
  733564,   6,   6,2009,c022a0000,C,22,           0,           0,           0,           0,           0,           0,           0,           0,           0,F
  733564,   6,   6,2009,c022a0001,C,22,           0,           0,           0,           0,           0,           0,           0,           0,           0,F
  733567,   6,   9,2009,c022a0000,C,22,           0,           0,           0,           0,           0,           0,           0,           0,           0,F
  733567,   6,   9,2009,c022a0001,C,22,           0,           0,           0,           0,           0,           0,           0,           0,           0,F
  733571,   6,  13,2009,c022a0000,C,22,           0,           0,           0,           0,           0,           0,           0,           0,           0,F
  733571,   6,  13,2009,c022a0001,C,22,           0,           0,           0,           0,           0,           0,           0,           0,           0,F
  733574,   6,  16,2009,c022a0000,C,22,           0,           0,           0,           0,           0,           0,           0,           0,           0,F
  733574,   6,  16,2009,c022a0001,C,22,           0,           0,           0,           0,           0,           0,           0,           0,           0,F
  733578,   6,  20,2009,c022a0000,C,22,           0,           0,           0,           0,           0,           0,           0,           0,           0,F
  733578,   6,  20,2009,c022a0001,C,22,           0,           0,           0,           0,           0,           0,           0,           0,           0,F
  733581,   6,  23,2009,c022a0000,C,22,           0,           0,           0,           0,           0,           0,           0,           0,           0,F
  733581,   6,  23,2009,c022a0001,C,22,           0,           0,           0,           0,           0,           0,           0,           0,           0,F
  733585,   6,  27,2009,c022a0000,C,22,           0,           0,           0,           0,           0,           0,           0,           0,           0,F
  733585,   6,  27,2009,c022a0001,C,22,           0,           0,           0,           0,           0,           0,           0,           0,           0,F
  733587,   6,  29,2009,c022a0000,C,22,           0,           0,           0,           0,           0,           0,           0,           0,           0,F
  733587,   6,  29,2009,c022a0001,C,22,           0,           0,           0,           0,           0,           0,           0,           0,           0,F
  733589,   7,   1,2009,c022a0000,C,22,           0,           0,           0,           0,           0,           0,           0,           0,           0,F
  733589,   7,   1,2009,c022a0001,C,22,           0,           0,           0,           0,           0,           0,           0,           0,           0,F
  733592,   7,   4,2009,c022a0000,C,22,           0,           0,           0,           0,           0,           0,           0,           0,           0,F
  733592,   7,   4,2009,c022a0001,C,22,           0,           0,           0,           0,           0,           0,           0,           0,           0,F
  733594,   7,   6,2009,c022a0000,C,22,           0,           0,           0,           0,           0,           0,           0,           0,           0,F
  733594,   7,   6,2009,c022a0001,C,22,           0,           0,           0,           0,           0,           0,           0,           0,           0,F
  733596,   7,   8,2009,c022a0000,C,22,           0,           0,           0,           0,           0,           0,           0,           0,           0,F
  733596,   7,   8,2009,c022a0001,C,22,           0,           0,           0,           0,           0,           0,           0,           0,           0,F
  733608,   7,  20,2009,c022a0000,C,22,           0,           0,           0,           0,           0,           0,           0,           0,           0,F
  733608,   7,  20,2009,c022a0001,C,22,           0,           0,           0,           0,           0,           0,           0,           0,           0,F
  733627,   8,   8,2009,c022a0000,C,22,           0,           0,           0,           0,           0,           0,           0,           0,           0,F
  733627,   8,   8,2009,c022a0001,C,22,           0,           0,           0,           0,           0,           0,           0,           0,           0,F
  733668,   9,  18,2009,c022a0000,C,22,           0,           0,           0,           0,           0,           0,           0,           0,           0,F
  733668,   9,  18,2009,c022a0001,C,22,           0,           0,           0,           0,           0,           0,           0,           0,           0,F
  733702,  10,  22,2009,c022a0000,C,22,           0,           0,           0,           0,           0,           0,           0,           0,           0,F
  733702,  10,  22,2009,c022a0001,C,22,           0,           0,           0,           0,           0,           0,           0,           0,           0,F
  733719,  11,   8,2009,c022a0000,C,22,           0,           0,           0,           0,           0,           0,           0,           0,           0,F
  733719,  11,   8,2009,c022a0001,C,22,           0,           0,           0,           0,           0,           0,           0,           0,           0,F
  733761,  12,  20,2009,c022a0000,C,22,           0,           0,           0,           0,           0,           0,           0,           0,           0,F
  733761,  12,  20,2009,c022a0001,C,22,           0,           0,           0,           0,           0,           0,           0,           0,           0,F
  733763,  12,  22,2009,c022a0000,C,22,           0,           0,           0,           0,           0,           0,           0,           0,           0,F
  733763,  12,  22,2009,c022a0001,C,22,           0,           0,           0,           0,           0,           0,           0,           0,           0,F
  733764,  12,  23,2009,c022a0000,C,22,           0,           0,           0,           0,           0,           0,           0,           0,           0,F
  733764,  12,  23,2009,c022a0001,C,22,           0,           0,           0,           0,           0,           0,           0,           0,           0,F
  733767,  12,  26,2009,c022a0000,C,22,           0,           0,           0,           0,           0,           0,           0,           0,           0,F
  733767,  12,  26,2009,c022a0001,C,22,           0,           0,           0,           0,           0,           0,           0,           0,           0,F
  733776,   1,   4,2010,c022a0000,C,22,           0,           0,           0,           0,           0,           0,           0,           0,           0,F
  733776,   1,   4,2010,c022a0001,C,22,           0,           0,           0,           0,           0,           0,           0,           0,           0,F
  733777,   1,   5,2010,c022a0000,C,22,           0,           0,           0,           0,           0,           0,           0,           0,           0,F
  733777,   1,   5,2010,c022a0001,C,22,           0,           0,           0,           0,           0,           0,           0,           0,           0,F
  733785,   1,  13,2010,c022a0000,C,22,           0,           0,           0,           0,           0,           0,           0,           0,           0,F
  733785,   1,  13,2010,c022a0001,C,22,           0,           0,           0,           0,           0,           0,           0,           0,           0,F
  733786,   1,  14,2010,c022a0000,C,22,           0,           0,           0,           0,           0,           0,           0,           0,           0,F
  733786,   1,  14,2010,c022a0001,C,22,           0,           0,           0,           0,           0,           0,           0,           0,           0,F
  733807,   2,   4,2010,c022a0000,C,22,           0,           0,           0,           0,           0,           0,           0,           0,           0,F
  733807,   2,   4,2010,c022a0001,C,22,           0,           0,           0,           0,           0,           0,           0,           0,           0,F
  733811,   2,   8,2010,c022a0000,C,22,           0,           0,           0,           0,           0,           0,           0,           0,           0,F
  733811,   2,   8,2010,c022a0001,C,22,           0,           0,           0,           0,           0,           0,           0,           0,           0,F
  733819,   2,  16,2010,c022a0000,C,22,           0,           0,           0,           0,           0,           0,           0,           0,           0,F
  733819,   2,  16,2010,c022a0001,C,22,           0,           0,           0,           0,           0,           0,           0,           0,           0,F
  733820,   2,  17,2010,c022a0000,C,22,           0,           0,           0,           0,           0,           0,           0,           0,           0,F
  733820,   2,  17,2010,c022a0001,C,22,           0,           0,           0,           0,           0,           0,           0,           0,           0,F
  733894,   5,   2,2010,c022a0000,C,22,           0,           0,           0,           0,           0,           0,           0,           0,           0,F
  733894,   5,   2,2010,c022a0001,C,22,           0,           0,           0,           0,           0,           0,           0,           0,           0,F
  733919,   5,  27,2010,c022a0000,C,22,           0,           0,           0,           0,           0,           0,           0,           0,           0,F
  733919,   5,  27,2010,c022a0001,C,22,           0,           0,           0,           0,           0,           0,           0,           0,           0,F
  733922,   5,  30,2010,c022a0000,C,22,           0,           0,           0,           0,           0,           0,           0,           0,           0,F
  733922,   5,  30,2010,c022a0001,C,22,           0,           0,           0,           0,           0,           0,           0,           0,           0,F
  733925,   6,   2,2010,c022a0000,C,22,           0,           0,           0,           0,           0,           0,           0,           0,           0,F
  733925,   6,   2,2010,c022a0001,C,22,           0,           0,           0,           0,           0,           0,           0,           0,           0,F
  733932,   6,   9,2010,c022a0000,C,22,           0,           0,           0,           0,           0,           0,           0,           0,           0,F
  733932,   6,   9,2010,c022a0001,C,22,           0,           0,           0,           0,           0,           0,           0,           0,           0,F
  733936,   6,  13,2010,c022a0000,C,22,           0,           0,           0,           0,           0,           0,           0,           0,           0,F
  733936,   6,  13,2010,c022a0001,C,22,           0,           0,           0,           0,           0,           0,           0,           0,           0,F
  733975,   7,  22,2010,c022a0000,C,22,           0,           0,           0,           0,           0,           0,           0,           0,           0,F
  733975,   7,  22,2010,c022a0001,C,22,           0,           0,           0,           0,           0,           0,           0,           0,           0,F
  734003,   8,  19,2010,c022a0000,C,22,           0,           0,           0,           0,           0,           0,           0,           0,           0,F
  734003,   8,  19,2010,c022a0001,C,22,           0,           0,           0,           0,           0,           0,           0,           0,           0,F
  734013,   8,  29,2010,c022a0000,C,22,           0,           0,           0,           0,           0,           0,           0,           0,           0,F
  734013,   8,  29,2010,c022a0001,C,22,           0,           0,           0,           0,           0,           0,           0,           0,           0,F
  734017,   9,   2,2010,c022a0000,C,22,           0,           0,           0,           0,           0,           0,           0,           0,           0,F
  734017,   9,   2,2010,c022a0001,C,22,           0,           0,           0,           0,           0,           0,           0,           0,           0,F
  734023,   9,   8,2010,c022a0000,C,22,           0,           0,           0,           0,           0,           0,           0,           0,           0,F
  734023,   9,   8,2010,c022a0001,C,22,           0,           0,           0,           0,           0,           0,           0,           0,           0,F
  734027,   9,  12,2010,c022a0000,C,22,           0,           0,           0,           0,           0,           0,           0,           0,           0,F
  734027,   9,  12,2010,c022a0001,C,22,           0,           0,           0,           0,           0,           0,           0,           0,           0,F
  734030,   9,  15,2010,c022a0000,C,22,           0,           0,           0,           0,           0,           0,           0,           0,           0,F
  734030,   9,  15,2010,c022a0001,C,22,           0,           0,           0,           0,           0,           0,           0,           0,           0,F
  734034,   9,  19,2010,c022a0000,C,22,           0,           0,           0,           0,           0,           0,           0,           0,           0,F
  734034,   9,  19,2010,c022a0001,C,22,           0,           0,           0,           0,           0,           0,           0,           0,           0,F
  734048,  10,   3,2010,c022a0000,C,22,           0,           0,           0,           0,           0,           0,           0,           0,           0,F
  734048,  10,   3,2010,c022a0001,C,22,           0,           0,           0,           0,           0,           0,           0,           0,           0,F
  734084,  11,   8,2010,c022a0000,C,22,           0,           0,           0,           0,           0,           0,           0,           0,           0,F
  734084,  11,   8,2010,c022a0001,C,22,           0,           0,           0,           0,           0,           0,           0,           0,           0,F
  734127,  12,  21,2010,c022a0000,C,22,           0,           0,           0,           0,           0,           0,           0,           0,           0,F
  734127,  12,  21,2010,c022a0001,C,22,           0,           0,           0,           0,           0,           0,           0,           0,           0,F
  734128,  12,  22,2010,c022a0000,C,22,           0,           0,           0,           0,           0,           0,           0,           0,           0,F
  734128,  12,  22,2010,c022a0001,C,22,           0,           0,           0,           0,           0,           0,           0,           0,           0,F
