date,value
01/01/2018,0.0
02/01/2018,0.001
03/01/2018,0.026
04/01/2018,0.043
05/01/2018,0.041
06/01/2018,0.01
07/01/2018,0.0
08/01/2018,0.078
09/01/2018,0.001
10/01/2018,0.04
11/01/2018,0.005
12/01/2018,0.011
13/01/2018,0.005
14/01/2018,0.013
15/01/2018,0.0
16/01/2018,0.0
17/01/2018,0.0
18/01/2018,2.439
19/01/2018,0.001
20/01/2018,0.0
21/01/2018,0.117
22/01/2018,0.01
23/01/2018,0.0
24/01/2018,0.034
25/01/2018,0.0
26/01/2018,0.01
27/01/2018,0.013
28/01/2018,0.0
29/01/2018,0.0
30/01/2018,0.001
31/01/2018,0.006
01/02/2018,0.003
02/02/2018,0.045
03/02/2018,0.004
04/02/2018,0.007
05/02/2018,0.0
06/02/2018,3.005
07/02/2018,0.008
08/02/2018,0.001
09/02/2018,0.045
10/02/2018,0.042
11/02/2018,0.001
12/02/2018,0.019
13/02/2018,0.043
14/02/2018,0.001
15/02/2018,0.04
16/02/2018,0.033
17/02/2018,0.002
18/02/2018,0.035
19/02/2018,0.025
20/02/2018,0.05
21/02/2018,0.076
22/02/2018,0.014
23/02/2018,0.004
24/02/2018,0.0
25/02/2018,0.865
26/02/2018,0.0
27/02/2018,0.121
28/02/2018,0.0
01/03/2018,0.008
02/03/2018,0.008
03/03/2018,0.012
04/03/2018,0.014
05/03/2018,0.558
06/03/2018,0.068
07/03/2018,0.007
08/03/2018,0.013
09/03/2018,0.008
10/03/2018,0.0
11/03/2018,0.017
12/03/2018,0.001
13/03/2018,0.025
14/03/2018,0.057
15/03/2018,0.016
16/03/2018,0.04
17/03/2018,0.025
18/03/2018,0.035
19/03/2018,0.001
20/03/2018,0.0
21/03/2018,0.0
22/03/2018,0.041
23/03/2018,0.063
24/03/2018,1.727
25/03/2018,0.024
26/03/2018,0.003
27/03/2018,0.016
28/03/2018,0.0
29/03/2018,0.047
30/03/2018,0.023
31/03/2018,0.001
01/04/2018,0.005
02/04/2018,0.0
03/04/2018,0.0
04/04/2018,0.047
05/04/2018,0.001
06/04/2018,0.868
07/04/2018,0.029
08/04/2018,0.024
09/04/2018,0.007
10/04/2018,0.011
11/04/2018,0.01
12/04/2018,0.001
13/04/2018,0.002
14/04/2018,0.0
15/04/2018,0.024
16/04/2018,0.001
17/04/2018,0.041
18/04/2018,0.002
19/04/2018,0.0
20/04/2018,0.033
21/04/2018,0.014
22/04/2018,0.013
23/04/2018,0.003
24/04/2018,0.0
25/04/2018,0.042
26/04/2018,0.012
27/04/2018,0.012
28/04/2018,0.112
29/04/2018,0.004
30/04/2018,0.0
01/05/2018,0.096
02/05/2018,0.002
03/05/2018,0.001
04/05/2018,0.0
05/05/2018,0.113
06/05/2018,0.008
07/05/2018,0.009
08/05/2018,0.055
09/05/2018,0.0
10/05/2018,0.052
11/05/2018,0.011
12/05/2018,0.024
13/05/2018,0.056
14/05/2018,0.017
15/05/2018,0.005
16/05/2018,0.0
17/05/2018,0.02
18/05/2018,0.0
19/05/2018,0.041
20/05/2018,0.02
21/05/2018,6.606
22/05/2018,0.023
23/05/2018,0.0
24/05/2018,0.003
25/05/2018,0.002
26/05/2018,0.06
27/05/2018,0.005
28/05/2018,0.007
29/05/2018,0.001
30/05/2018,0.051
31/05/2018,0.0
01/06/2018,0.004
02/06/2018,0.006
03/06/2018,0.003
04/06/2018,0.001
05/06/2018,0.012
06/06/2018,3.023
07/06/2018,0.06
08/06/2018,0.011
09/06/2018,0.014
10/06/2018,0.001
11/06/2018,0.071
12/06/2018,0.104
13/06/2018,0.019
14/06/2018,0.01
15/06/2018,0.017
16/06/2018,0.032
17/06/2018,0.024
18/06/2018,0.069
19/06/2018,0.98
20/06/2018,0.076
21/06/2018,0.017
22/06/2018,0.118
23/06/2018,0.024
24/06/2018,0.0
25/06/2018,0.021
26/06/2018,0.009
27/06/2018,0.0
28/06/2018,1.663
29/06/2018,0.004
30/06/2018,0.148
01/07/2018,0.094
02/07/2018,0.007
03/07/2018,0.054
04/07/2018,0.07
05/07/2018,0.0
06/07/2018,0.01
07/07/2018,0.016
08/07/2018,0.005
09/07/2018,0.01
10/07/2018,0.007
11/07/2018,0.001
12/07/2018,0.0
13/07/2018,0.043
14/07/2018,3.279
15/07/2018,0.005
16/07/2018,0.05
17/07/2018,0.003
18/07/2018,0.007
19/07/2018,0.143
20/07/2018,0.051
21/07/2018,0.045
22/07/2018,0.004
23/07/2018,0.037
24/07/2018,0.038
25/07/2018,0.01
26/07/2018,0.002
27/07/2018,0.005
28/07/2018,0.0
29/07/2018,0.0
30/07/2018,0.132
31/07/2018,0.009
01/08/2018,0.0
02/08/2018,0.007
03/08/2018,0.015
04/08/2018,0.005
05/08/2018,0.006
06/08/2018,0.073
07/08/2018,0.046
08/08/2018,0.001
09/08/2018,0.0
10/08/2018,0.001
11/08/2018,0.024
12/08/2018,0.006
13/08/2018,0.046
14/08/2018,0.006
15/08/2018,0.048
16/08/2018,0.029
17/08/2018,0.065
18/08/2018,0.001
19/08/2018,0.002
20/08/2018,0.0
21/08/2018,0.004
22/08/2018,0.061
23/08/2018,0.0
24/08/2018,0.0
25/08/2018,0.031
26/08/2018,0.042
27/08/2018,0.002
28/08/2018,0.005
29/08/2018,0.01
30/08/2018,0.0
31/08/2018,0.024
01/09/2018,0.006
02/09/2018,0.0
03/09/2018,0.003
04/09/2018,0.017
05/09/2018,0.029
06/09/2018,0.884
07/09/2018,0.002
08/09/2018,0.0
09/09/2018,0.001
10/09/2018,0.004
11/09/2018,0.002
12/09/2018,0.002
13/09/2018,0.008
14/09/2018,1.605
15/09/2018,0.0
16/09/2018,0.032
17/09/2018,0.001
18/09/2018,0.007
19/09/2018,0.001
20/09/2018,0.037
21/09/2018,0.0
22/09/2018,0.0
23/09/2018,0.001
24/09/2018,0.0
25/09/2018,0.03
26/09/2018,0.006
27/09/2018,0.003
28/09/2018,1.288
29/09/2018,0.033
30/09/2018,0.036
01/10/2018,0.159
02/10/2018,0.012
03/10/2018,0.022
04/10/2018,0.011
05/10/2018,0.003
06/10/2018,0.0
07/10/2018,0.023
08/10/2018,0.001
09/10/2018,0.038
10/10/2018,0.015
11/10/2018,0.04
12/10/2018,1.116
13/10/2018,0.102
14/10/2018,0.002
15/10/2018,0.001
16/10/2018,0.005
17/10/2018,0.005
18/10/2018,0.006
19/10/2018,0.014
20/10/2018,0.004
21/10/2018,0.003
22/10/2018,0.0
23/10/2018,0.004
24/10/2018,0.033
25/10/2018,0.0
26/10/2018,0.033
27/10/2018,0.109
28/10/2018,0.0
29/10/2018,0.011
30/10/2018,0.014
31/10/2018,0.026
01/11/2018,0.011
02/11/2018,1.238
03/11/2018,0.001
04/11/2018,0.0
05/11/2018,0.021
06/11/2018,0.0
07/11/2018,0.017
08/11/2018,0.004
09/11/2018,0.007
10/11/2018,0.013
11/11/2018,0.001
12/11/2018,0.007
13/11/2018,0.001
14/11/2018,0.0
15/11/2018,0.016
16/11/2018,0.0
17/11/2018,0.005
18/11/2018,0.011
19/11/2018,0.001
20/11/2018,11.819
21/11/2018,0.001
22/11/2018,0.009
23/11/2018,0.003
24/11/2018,0.0
25/11/2018,0.053
26/11/2018,0.009
27/11/2018,1.041
28/11/2018,0.022
29/11/2018,0.018
30/11/2018,0.0
01/12/2018,6.872
02/12/2018,0.0
03/12/2018,0.079
04/12/2018,0.006
05/12/2018,0.014
06/12/2018,0.004
07/12/2018,0.063
08/12/2018,1.336
09/12/2018,0.033
10/12/2018,0.009
11/12/2018,0.031
12/12/2018,0.001
13/12/2018,0.003
14/12/2018,3.042
15/12/2018,0.0
16/12/2018,0.005
17/12/2018,0.016
18/12/2018,0.009
19/12/2018,0.0
20/12/2018,0.006
21/12/2018,0.033
22/12/2018,0.001
23/12/2018,0.005
24/12/2018,0.0
25/12/2018,0.002
26/12/2018,0.0
27/12/2018,0.01
28/12/2018,0.111
29/12/2018,0.024
30/12/2018,0.007
31/12/2018,0.0
01/01/2019,0.007
02/01/2019,0.002
03/01/2019,0.0
04/01/2019,0.043
05/01/2019,0.038
06/01/2019,0.016
07/01/2019,0.002
08/01/2019,0.003
09/01/2019,0.0
10/01/2019,0.004
11/01/2019,0.035
12/01/2019,0.003
13/01/2019,0.002
14/01/2019,0.005
15/01/2019,0.005
16/01/2019,0.006
17/01/2019,0.054
18/01/2019,0.034
19/01/2019,0.011
20/01/2019,0.006
21/01/2019,0.062
22/01/2019,0.016
23/01/2019,0.0
24/01/2019,0.003
25/01/2019,0.001
26/01/2019,0.003
27/01/2019,0.012
28/01/2019,0.006
29/01/2019,0.057
30/01/2019,0.005
31/01/2019,0.001
01/02/2019,0.011
02/02/2019,0.0
03/02/2019,0.021
04/02/2019,0.099
05/02/2019,0.0
06/02/2019,0.02
07/02/2019,0.125
08/02/2019,0.015
09/02/2019,0.019
10/02/2019,0.064
11/02/2019,0.023
12/02/2019,0.025
13/02/2019,0.028
14/02/2019,0.058
15/02/2019,0.0
16/02/2019,0.01
17/02/2019,0.041
18/02/2019,0.005
19/02/2019,0.0
20/02/2019,0.001
21/02/2019,0.008
22/02/2019,0.027
23/02/2019,0.011
24/02/2019,0.007
25/02/2019,0.025
26/02/2019,0.022
27/02/2019,0.004
28/02/2019,0.004
01/03/2019,0.047
02/03/2019,0.0
03/03/2019,0.013
04/03/2019,0.011
05/03/2019,0.004
06/03/2019,0.001
07/03/2019,0.005
08/03/2019,0.108
09/03/2019,0.001
10/03/2019,1.441
11/03/2019,0.031
12/03/2019,0.011
13/03/2019,0.003
14/03/2019,0.023
15/03/2019,1.688
16/03/2019,2.817
17/03/2019,0.027
18/03/2019,0.007
19/03/2019,0.139
20/03/2019,0.011
21/03/2019,1.414
22/03/2019,0.001
23/03/2019,6.199
24/03/2019,0.002
25/03/2019,0.041
26/03/2019,0.032
27/03/2019,0.007
28/03/2019,0.033
29/03/2019,0.027
30/03/2019,0.001
31/03/2019,0.002
01/04/2019,0.065
02/04/2019,0.016
03/04/2019,0.033
04/04/2019,0.001
05/04/2019,0.026
06/04/2019,0.027
07/04/2019,0.022
08/04/2019,0.042
09/04/2019,0.1
10/04/2019,0.007
11/04/2019,0.003
12/04/2019,0.145
13/04/2019,0.506
14/04/2019,0.0
15/04/2019,0.0
16/04/2019,0.022
17/04/2019,0.0
18/04/2019,0.0
19/04/2019,0.006
20/04/2019,4.559
21/04/2019,0.013
22/04/2019,0.056
23/04/2019,0.004
24/04/2019,0.016
25/04/2019,0.007
26/04/2019,0.053
27/04/2019,0.108
28/04/2019,0.121
29/04/2019,0.004
30/04/2019,0.0
01/05/2019,0.017
02/05/2019,0.0
03/05/2019,0.027
04/05/2019,0.006
05/05/2019,0.0
06/05/2019,0.007
07/05/2019,0.0
08/05/2019,0.0
09/05/2019,0.007
10/05/2019,0.02
11/05/2019,0.016
12/05/2019,0.062
13/05/2019,0.044
14/05/2019,0.0
15/05/2019,0.0
16/05/2019,0.001
17/05/2019,0.015
18/05/2019,0.021
19/05/2019,0.009
20/05/2019,0.02
21/05/2019,0.036
22/05/2019,3.778
23/05/2019,0.001
24/05/2019,0.014
25/05/2019,0.109
26/05/2019,4.021
27/05/2019,0.006
28/05/2019,0.019
29/05/2019,0.003
30/05/2019,0.034
31/05/2019,0.001
01/06/2019,0.0
02/06/2019,0.0
03/06/2019,0.01
04/06/2019,0.001
05/06/2019,0.0
06/06/2019,0.001
07/06/2019,0.042
08/06/2019,0.004
09/06/2019,0.071
10/06/2019,0.0
11/06/2019,0.002
12/06/2019,0.043
13/06/2019,0.008
14/06/2019,0.003
15/06/2019,0.0
16/06/2019,0.059
17/06/2019,0.023
18/06/2019,0.004
19/06/2019,0.004
20/06/2019,0.001
21/06/2019,0.0
22/06/2019,0.03
23/06/2019,0.0
24/06/2019,0.008
25/06/2019,0.012
26/06/2019,0.036
27/06/2019,0.021
28/06/2019,0.009
29/06/2019,0.066
30/06/2019,0.009
01/07/2019,0.009
02/07/2019,0.005
03/07/2019,0.098
04/07/2019,0.002
05/07/2019,0.051
06/07/2019,0.05
07/07/2019,0.005
08/07/2019,0.014
09/07/2019,0.012
10/07/2019,0.033
11/07/2019,0.106
12/07/2019,0.003
13/07/2019,0.012
14/07/2019,0.002
15/07/2019,0.01
16/07/2019,0.028
17/07/2019,0.004
18/07/2019,0.002
19/07/2019,0.001
20/07/2019,0.001
21/07/2019,6.911
22/07/2019,0.09
23/07/2019,0.031
24/07/2019,0.889
25/07/2019,0.009
26/07/2019,0.102
27/07/2019,0.022
28/07/2019,0.019
29/07/2019,0.0
30/07/2019,0.001
31/07/2019,0.008
01/08/2019,0.0
02/08/2019,0.002
03/08/2019,0.094
04/08/2019,0.035
05/08/2019,0.001
06/08/2019,0.007
07/08/2019,0.082
08/08/2019,0.088
09/08/2019,0.0
10/08/2019,0.017
11/08/2019,0.012
12/08/2019,0.044
13/08/2019,0.004
14/08/2019,0.027
15/08/2019,0.0
16/08/2019,0.006
17/08/2019,0.003
18/08/2019,0.0
19/08/2019,0.014
20/08/2019,0.001
21/08/2019,0.015
22/08/2019,0.009
23/08/2019,0.081
24/08/2019,0.007
25/08/2019,6.705
26/08/2019,0.006
27/08/2019,0.002
28/08/2019,0.003
29/08/2019,0.0
30/08/2019,0.011
31/08/2019,0.106
01/09/2019,0.001
02/09/2019,0.001
03/09/2019,0.002
04/09/2019,0.007
05/09/2019,0.0
06/09/2019,0.017
07/09/2019,0.001
08/09/2019,0.0
09/09/2019,0.033
10/09/2019,0.054
11/09/2019,0.023
12/09/2019,0.004
13/09/2019,0.002
14/09/2019,0.0
15/09/2019,0.025
16/09/2019,0.014
17/09/2019,0.041
18/09/2019,0.02
19/09/2019,0.0
20/09/2019,0.016
21/09/2019,0.005
22/09/2019,0.0
23/09/2019,0.0
24/09/2019,0.0
25/09/2019,0.01
26/09/2019,0.005
27/09/2019,0.002
28/09/2019,0.0
29/09/2019,0.004
30/09/2019,0.069
01/10/2019,0.022
02/10/2019,0.054
03/10/2019,0.058
04/10/2019,0.027
05/10/2019,0.002
06/10/2019,0.033
07/10/2019,0.0
08/10/2019,0.0
09/10/2019,3.498
10/10/2019,0.021
11/10/2019,0.069
12/10/2019,0.0
13/10/2019,0.044
14/10/2019,0.08
15/10/2019,0.001
16/10/2019,0.013
17/10/2019,0.033
18/10/2019,2.195
19/10/2019,0.104
20/10/2019,0.002
21/10/2019,0.015
22/10/2019,0.094
23/10/2019,0.001
24/10/2019,0.009
25/10/2019,0.0
26/10/2019,0.017
27/10/2019,0.02
28/10/2019,0.0
29/10/2019,0.006
30/10/2019,0.028
31/10/2019,0.011
01/11/2019,0.001
02/11/2019,0.076
03/11/2019,0.001
04/11/2019,0.003
05/11/2019,0.002
06/11/2019,0.045
07/11/2019,0.007
08/11/2019,0.003
09/11/2019,4.021
10/11/2019,0.0
11/11/2019,1.133
12/11/2019,0.068
13/11/2019,0.0
14/11/2019,0.001
15/11/2019,0.03
16/11/2019,0.006
17/11/2019,0.011
18/11/2019,0.073
19/11/2019,0.063
20/11/2019,0.043
21/11/2019,0.021
22/11/2019,0.001
23/11/2019,0.052
24/11/2019,0.006
25/11/2019,0.005
26/11/2019,0.007
27/11/2019,3.403
28/11/2019,0.003
29/11/2019,0.0
30/11/2019,0.006
01/12/2019,0.084
02/12/2019,0.0
03/12/2019,0.007
04/12/2019,0.024
05/12/2019,0.003
06/12/2019,0.0
07/12/2019,1.812
08/12/2019,0.001
09/12/2019,0.12
10/12/2019,0.002
11/12/2019,0.093
12/12/2019,0.052
13/12/2019,0.117
14/12/2019,0.003
15/12/2019,0.021
16/12/2019,0.0
17/12/2019,0.012
18/12/2019,0.0
19/12/2019,0.001
20/12/2019,0.005
21/12/2019,0.001
22/12/2019,5.113
23/12/2019,0.0
24/12/2019,0.0
25/12/2019,0.002
26/12/2019,0.003
27/12/2019,0.057
28/12/2019,0.025
29/12/2019,0.021
30/12/2019,0.001
31/12/2019,0.002
